{
  "coco_map": {
    "mAP@0.5:0.95": 0.023263294291281576,
    "mAP@0.5": 0.04464397174397276,
    "mAP@0.75": 0.012958335465358514,
    "mAP_small": 0.0404490072241133,
    "mAP_medium": 0.01809233028566014,
    "mAP_large": 0.07142857142857141,
    "AR@1": 0.08241898148148148,
    "AR@10": 0.09939043209876543,
    "AR@100": 0.09939043209876543,
    "AR_small": 0.12329931972789117,
    "AR_medium": 0.09264814814814815,
    "AR_large": 0.07142857142857142
  },
  "precision_recall_f1": {
    "precision": 0.025477707006369428,
    "recall": 0.022857142857142857,
    "f1": 0.024096385542168672,
    "tp": 4,
    "fp": 153,
    "fn": 171,
    "iou_threshold": 0.5,
    "score_threshold": 0.5
  },
  "num_detections": 648,
  "num_images": 120,
  "status": "success"
}