{
    "epoch": [
        1,
        2,
        3,
        4,
        5,
        6,
        7,
        8,
        9,
        10,
        11,
        12,
        13,
        14,
        15,
        16,
        17,
        18,
        19,
        20,
        21,
        22,
        23,
        24,
        25,
        26,
        27,
        28,
        29,
        30,
        31,
        32,
        33,
        34,
        35,
        36,
        37,
        38,
        39,
        40,
        41,
        42,
        43,
        44,
        45,
        46,
        47,
        48,
        49,
        50
    ],
    "train_loss": [
        4.0123474796613054,
        3.6252476274967194,
        3.189765976866086,
        2.7489954739809037,
        2.309828639527162,
        1.8832338655988374,
        1.483667355775833,
        1.1355432459001262,
        0.8561564923574527,
        0.6594660259783268,
        0.5360912987341483,
        0.4640091735869646,
        0.4243979608329634,
        0.4069068234103421,
        0.397502058542644,
        0.39286506655625997,
        0.39165557478554547,
        0.39062678680444757,
        0.3913012127081553,
        0.3888692971629401,
        0.38799300890726346,
        0.3890456460105876,
        0.3881181243651857,
        0.38878284871267776,
        0.38818715169715384,
        0.3853971425599108,
        0.38734198272383463,
        0.3823703519379099,
        0.38670765660936013,
        0.3865628183198472,
        0.3845011756444971,
        0.3833875769050792,
        0.3838110028766096,
        0.38300774176605046,
        0.3825559806233893,
        0.3806843566863487,
        0.38297239403861266,
        0.38198360851189744,
        0.3813111903689181,
        0.38247790445263186,
        0.3809917477813239,
        0.3788420743464182,
        0.38029804412896434,
        0.3789869823260233,
        0.37928653727285566,
        0.3777832785466065,
        0.37931318695191296,
        0.3802278223757943,
        0.37982589757690827,
        0.3796375665348023
    ],
    "loss_classifier": [
        3.8142026642958324,
        3.424761931101481,
        2.9906151413917543,
        2.551786649227142,
        2.1106436769167582,
        1.6866655091444651,
        1.2829454263051352,
        0.9331513792899861,
        0.6513789859910806,
        0.45224538358549277,
        0.3275458453223109,
        0.25666708673040073,
        0.22036619472006957,
        0.20266296242674192,
        0.19419499901123344,
        0.19136411730820935,
        0.19080701402854175,
        0.1904819564583401,
        0.1908399183070287,
        0.19054454158370693,
        0.1901487867347896,
        0.1908813908851395,
        0.1900502182620888,
        0.18983351924301436,
        0.19005295591584095,
        0.18981677438908567,
        0.1902587443124503,
        0.18915382128519317,
        0.18965711119041467,
        0.1903583098668605,
        0.18960503173293547,
        0.18927264380423972,
        0.18953691528877242,
        0.1891744651986907,
        0.18895390211837365,
        0.18835714638698847,
        0.18853036769821,
        0.18874376084034641,
        0.1882575813292836,
        0.18815766725456343,
        0.18794025173798826,
        0.18764000282778096,
        0.18749604189457994,
        0.18716262213420123,
        0.18720746282876158,
        0.18716740566305817,
        0.18715713596126685,
        0.18699883029718573,
        0.18683658540636922,
        0.18678807804050546
    ],
    "loss_box_reg": [
        0.054530449023877735,
        0.05486141205486395,
        0.05519303876523433,
        0.05540319406827621,
        0.05564907803418464,
        0.0565491396018236,
        0.057510390963943794,
        0.05880761929158371,
        0.059545552563940875,
        0.06113343739319437,
        0.0629763317642452,
        0.06589221390798533,
        0.06841451105550125,
        0.07101803442443876,
        0.07421397077365934,
        0.07660752624991195,
        0.07836526371053575,
        0.07978903108451049,
        0.08181690267277493,
        0.08333578366339983,
        0.084637964401918,
        0.08649772803352486,
        0.08741657527474066,
        0.08873746849421878,
        0.09026107926377638,
        0.0914644703399972,
        0.09291981771772649,
        0.09343142623450452,
        0.09503070242159689,
        0.09650640794231245,
        0.09700645839038771,
        0.09734288318819988,
        0.09789548739984942,
        0.09848610893435156,
        0.09894140674150549,
        0.0989453121534704,
        0.09968203266131846,
        0.10027820998899793,
        0.10065583269267032,
        0.10110499677345312,
        0.1013655939149127,
        0.10156910364360859,
        0.10172556991650102,
        0.10199062078415105,
        0.10253087357074643,
        0.10280406104672389,
        0.10316897562006488,
        0.10321269239478473,
        0.10336544946282326,
        0.1035913605922057
    ],
    "loss_objectness": [
        0.11617958093217264,
        0.11826727518540187,
        0.11672091894821884,
        0.11450265843886882,
        0.11627008934350064,
        0.11261417286780974,
        0.11554687280440704,
        0.11578144519940549,
        0.1170659673846482,
        0.11770153163039747,
        0.11717777119483799,
        0.11344662063347641,
        0.10825658834073693,
        0.10672184360446409,
        0.10353614513587672,
        0.10004456341011973,
        0.09799692850986806,
        0.09624485847501395,
        0.09487237121005213,
        0.09159750525141135,
        0.09008456088680153,
        0.08882220262506356,
        0.08804587768439281,
        0.08782769985652218,
        0.08568810512709508,
        0.08212937079078983,
        0.08232100441552272,
        0.0781412395094776,
        0.08047264809817231,
        0.07830603397402834,
        0.07656939539398687,
        0.07553665496088798,
        0.07515450999732518,
        0.07421802051370226,
        0.07354066800301856,
        0.07234125026952824,
        0.07377184313227189,
        0.07201752103089044,
        0.07147104887723496,
        0.0723249325635455,
        0.07084938408321856,
        0.06884481089631057,
        0.0703379383256106,
        0.06914257278525232,
        0.06891048330483802,
        0.06720329920111302,
        0.06835846124255719,
        0.06942718006854799,
        0.06905047541489087,
        0.06872152944015397
    ],
    "loss_rpn_box_reg": [
        0.02743479267321618,
        0.02735702601863371,
        0.027236865619427893,
        0.027302966907427617,
        0.027265808593430543,
        0.027405042226837394,
        0.027664665590183782,
        0.027802794818473184,
        0.028165986348358273,
        0.0283856719515029,
        0.028391349973935574,
        0.028003252933717703,
        0.027360668209469925,
        0.026503982321385896,
        0.025556943138720575,
        0.024848860858329165,
        0.02448636989778,
        0.024110940408794097,
        0.0237720211547033,
        0.02339146500584093,
        0.02312169610492371,
        0.022844323544397107,
        0.022605451533612115,
        0.022384163845375345,
        0.022185009926791583,
        0.021986524626481697,
        0.021842417727003748,
        0.021643865637243683,
        0.021547195265168285,
        0.021392064773673763,
        0.021320291380713268,
        0.021235394549720846,
        0.02122409129722958,
        0.021129148206076327,
        0.021120002499628754,
        0.02104064869352745,
        0.020988151944607125,
        0.02094411528460114,
        0.020926728903335363,
        0.020890307468547083,
        0.020836517892181897,
        0.020788155847973635,
        0.020738492941548732,
        0.020691163647764674,
        0.020637717271893053,
        0.020608512210670445,
        0.020628613856327624,
        0.020589117990308145,
        0.020573386330310466,
        0.020536597899109665
    ],